ID;Spezies;Source;DataType;Geometry;Molar_Mass;Lennard_Jones_potential;Lennard_Jones_collision;Dipole_moment;Polarizability;Rotational_relaxation_collision_number;Comment;Atom1;Count;Atom2;Count;Atom3;Count;Atom4;Count;Type;Comment;Low temperature;High temperature ;Jump temperature ;Coef1;Coef2;Coef3;Coef4;Coef5;Coef6;Coef7;Coef8;Coef9;Coef10;Coef11;Coef12;Coef13;Coef14
0;Ar;0;MolData;0;-1;136.5;3.33;0.0;0.0;0.0;;
1;Ar;0;ThermData;;;;;;;;;Ar;1;;;;;;;G;120186;300.0;5000.0;1000.0;2.5;0.0;0.0;0.0;0.0;-745.375;4.366;2.5;0.0;0.0;0.0;0.0;-745.375;4.366
2;C;0;MolData;0;-1;71.4;3.298;0.0;0.0;0.0;! *;
3;C;0;ThermData;;;;;;;;;C;1;;;;;;;G;L11/88;200.0;3500.0;1000.0;2.49266888;4.79889284e-05;-7.2433502e-08;3.74291029e-11;-4.87277893e-15;85451.2953;4.80150373;2.55423955;-0.000321537724;7.33792245e-07;-7.32234889e-10;2.66521446e-13;85443.8832;4.53130848
4;C2;0;MolData;1;-1;97.53;3.621;0.0;1.76;4.0;;
5;C2H;0;MolData;1;-1;209.0;4.1;0.0;0.0;2.5;;
6;C2H;0;ThermData;;;;;;;;;C;2;H;1;;;;;G;L 1/91;200.0;3500.0;1000.0;3.16780652;0.00475221902;-1.83787077e-06;3.04190252e-10;-1.7723277e-14;67121.065;6.63589475;2.88965733;0.0134099611;-2.84769501e-05;2.94791045e-08;-1.09331511e-11;66839.3932;6.22296438
7;C2H;1;ThermData;;;;;;;;;H;1;C;2;;;;;G;000000;300.0;5000.0;1000.0;3.16780652;0.00475221902;-1.83787077e-06;3.04190252e-10;-1.7723277e-14;67121.065;6.63589475;2.88965733;0.0134099611;-2.84769501e-05;2.94791045e-08;-1.09331511e-11;66839.3932;6.22296438;None
8;C2H2;0;MolData;1;-1;209.0;4.1;0.0;0.0;2.5;;
9;C2H2;0;ThermData;;;;;;;;;C;2;H;2;;;;;G;L 1/91;200.0;3500.0;1000.0;4.14756964;0.00596166664;-2.37294852e-06;4.67412171e-10;-3.61235213e-14;25935.9992;-1.23028121;0.808681094;0.0233615629;-3.55171815e-05;2.80152437e-08;-8.50072974e-12;26428.9807;13.9397051
10;C2H2;1;ThermData;;;;;;;;;H;2;C;2;;;;;G;000000;300.0;5000.0;1000.0;4.14756964;0.00596166664;-2.37294852e-06;4.67412171e-10;-3.61235213e-14;25935.9992;-1.23028121;0.808681094;0.0233615629;-3.55171815e-05;2.80152437e-08;-8.50072974e-12;26428.9807;13.9397051;None
11;C2H2OH;0;MolData;2;-1;224.7;4.162;0.0;0.0;1.0;! *;
12;C2H3;0;MolData;2;-1;209.0;4.1;0.0;0.0;1.0;! *;
13;C2H3;0;ThermData;;;;;;;;;C;2;H;3;;;;;G;L 2/92;200.0;3500.0;1000.0;3.016724;0.0103302292;-4.68082349e-06;1.01763288e-09;-8.62607041e-14;34612.8739;7.78732378;3.21246645;0.00151479162;2.59209412e-05;-3.57657847e-08;1.47150873e-11;34859.8468;8.51054025
14;C2H3;1;ThermData;;;;;;;;;H;3;C;2;;;;;G;000000;300.0;5000.0;1000.0;3.016724;0.0103302292;-4.68082349e-06;1.01763288e-09;-8.62607041e-14;34612.8739;7.78732378;3.21246645;0.00151479162;2.59209412e-05;-3.57657847e-08;1.47150873e-11;34859.8468;8.51054025;None
15;C2H4;0;MolData;2;-1;280.8;3.971;0.0;0.0;1.5;;
16;C2H4;0;ThermData;;;;;;;;;C;2;H;4;;;;;G;L 1/91;200.0;3500.0;1000.0;2.03611116;0.0146454151;-6.71077915e-06;1.47222923e-09;-1.25706061e-13;4939.88614;10.3053693;3.95920148;-0.00757052247;5.70990292e-05;-6.91588753e-08;2.69884373e-11;5089.77593;4.09733096
17;C2H4;1;ThermData;;;;;;;;;H;4;C;2;;;;;G;000000;300.0;5000.0;1000.0;2.03611116;0.0146454151;-6.71077915e-06;1.47222923e-09;-1.25706061e-13;4939.88614;10.3053693;3.95920148;-0.00757052247;5.70990292e-05;-6.91588753e-08;2.69884373e-11;5089.77593;4.09733096;None
18;C2H5;0;MolData;2;-1;252.3;4.302;0.0;0.0;1.5;;
19;C2H5;0;ThermData;;;;;;;;;C;2;H;5;;;;;G;L12/92;200.0;3500.0;1000.0;1.95465642;0.0173972722;-7.98206668e-06;1.75217689e-09;-1.49641576e-13;12857.52;13.4624343;4.30646568;-0.00418658892;4.97142807e-05;-5.99126606e-08;2.30509004e-11;12841.6265;4.70720924
20;C2H5;1;ThermData;;;;;;;;;H;5;C;2;;;;;G;000000;300.0;5000.0;1000.0;1.95465642;0.0173972722;-7.98206668e-06;1.75217689e-09;-1.49641576e-13;12857.52;13.4624343;4.30646568;-0.00418658892;4.97142807e-05;-5.99126606e-08;2.30509004e-11;12841.6265;4.70720924;None
21;C2H6;0;MolData;2;-1;252.3;4.302;0.0;0.0;1.5;;
22;C2H6;0;ThermData;;;;;;;;;C;2;H;6;;;;;G;L 8/88;200.0;3500.0;1000.0;1.0718815;0.0216852677;-1.00256067e-05;2.21412001e-09;-1.9000289e-13;-11426.3932;15.1156107;4.29142492;-0.0055015427;5.99438288e-05;-7.08466285e-08;2.68685771e-11;-11522.2055;2.66682316
23;C2H6;1;ThermData;;;;;;;;;H;6;C;2;;;;;G;000000;300.0;5000.0;1000.0;1.0718815;0.0216852677;-1.00256067e-05;2.21412001e-09;-1.9000289e-13;-11426.3932;15.1156107;4.29142492;-0.0055015427;5.99438288e-05;-7.08466285e-08;2.68685771e-11;-11522.2055;2.66682316;None
24;C2N;0;MolData;1;-1;232.4;3.828;0.0;0.0;1.0;! OIS;
25;C2N2;0;MolData;1;-1;349.0;4.361;0.0;0.0;1.0;! OIS;
26;C2O;0;MolData;1;-1;232.4;3.828;0.0;0.0;1.0;! *;
27;C3H2;0;MolData;2;-1;209.0;4.1;0.0;0.0;1.0;! *;
28;C3H4;0;MolData;1;-1;252.0;4.76;0.0;0.0;1.0;;
29;C3H4;1;ThermData;;;;;;;;;H;4;C;3;;;;;G;000000;300.0;5000.0;1000.0;6.3168722;0.011133728;-3.9629378e-06;6.3564238e-10;-3.787554e-14;20117.495;-10.995766;2.6130445;0.012122575;1.853988e-05;-3.4525149e-08;1.5335079e-11;21541.567;10.226139;None
30;C3H6;0;MolData;2;-1;266.8;4.982;0.0;0.0;1.0;;
31;C3H6;1;ThermData;;;;;;;;;H;6;C;3;;;;;G;000000;300.0;5000.0;1000.0;6.732257;0.01490834;-4.949899e-06;7.212022e-10;-3.766204e-14;-923.5703;-13.31335;1.493307;0.02092518;4.486794e-06;-1.668912e-08;7.158146e-12;1074.826;16.14534;None
32;C3H7;0;MolData;2;-1;266.8;4.982;0.0;0.0;1.0;;
33;C3H7;0;ThermData;;;;;;;;;C;3;H;7;;;;;G;L 9/84;300.0;5000.0;1000.0;7.7026987;0.016044203;-5.283322e-06;7.629859e-10;-3.9392284e-14;8298.4336;-15.48018;1.0515518;0.02599198;2.380054e-06;-1.9609569e-08;9.373247e-12;10631.863;21.122559
34;C3H8;0;MolData;2;-1;266.8;4.982;0.0;0.0;1.0;;
35;C3H8;0;ThermData;;;;;;;;;C;3;H;8;;;;;G;L 4/85;300.0;5000.0;1000.0;7.5341368;0.018872239;-6.2718491e-06;9.1475649e-10;-4.7838069e-14;-16467.516;-17.892349;0.93355381;0.026424579;6.1059727e-06;-2.1977499e-08;9.5149253e-12;-13958.52;19.201691
36;C3H8;1;ThermData;;;;;;;;;H;8;C;3;;;;;G;000000;300.0;5000.0;1000.0;7.5244152;0.018898282;-6.2921041e-06;9.2161457e-10;-4.8684478e-14;-16564.394;-17.838375;0.92851093;0.026460566;6.0332446e-06;-2.1914953e-08;9.4961544e-12;-14057.907;19.225538;None
37;C4H;0;MolData;1;-1;357.0;5.18;0.0;0.0;1.0;;
38;C4H2;0;MolData;1;-1;357.0;5.18;0.0;0.0;1.0;;
39;C4H2OH;0;MolData;2;-1;224.7;4.162;0.0;0.0;1.0;! *;
40;C4H6;0;MolData;2;-1;357.0;5.18;0.0;0.0;1.0;;
41;C4H6;1;ThermData;;;;;;;;;C;4;H;6;;;;;G;;300.0;3000.0;1000.0;9.843862;0.01544517;-5.7172e-06;1.014516e-09;-6.865593e-14;9077.228;-28.00343;11.10787;-0.006302794;5.36192e-05;-5.914519e-08;2.123863e-11;9686.877;-29.92869;None
42;C4H8;0;MolData;2;-1;357.0;5.176;0.0;0.0;1.0;;
43;C4H8;1;ThermData;;;;;;;;;C;4;H;8;;;;;G;;300.0;5000.0;1000.0;2.053584;0.0343505;-1.5883196e-05;3.308966e-09;-2.536104e-13;-2139.723;15.543201;1.181138;0.03085338;5.086524e-06;-2.465488e-08;1.1110192e-11;-1790.4;21.06247;None
44;C4H9;0;MolData;2;-1;357.0;5.176;0.0;0.0;1.0;;
45;C5H2;0;MolData;1;-1;357.0;5.18;0.0;0.0;1.0;;
46;C5H3;0;MolData;1;-1;357.0;5.18;0.0;0.0;1.0;;
47;C5H5OH;0;MolData;2;-1;450.0;5.5;0.0;0.0;1.0;! JAM;
48;C6H2;0;MolData;1;-1;357.0;5.18;0.0;0.0;1.0;;
49;C6H5;0;MolData;2;-1;412.3;5.349;0.0;0.0;1.0;! JAM;
50;C6H5O;0;MolData;2;-1;450.0;5.5;0.0;0.0;1.0;! JAM;
51;C6H6;0;MolData;2;-1;412.3;5.349;0.0;0.0;1.0;! SVE;
52;C6H7;0;MolData;2;-1;412.3;5.349;0.0;0.0;1.0;! JAM;
53;CH;0;MolData;1;-1;80.0;2.75;0.0;0.0;0.0;;
54;CH;0;ThermData;;;;;;;;;C;1;H;1;;;;;G;TPIS79;200.0;3500.0;1000.0;2.87846473;0.000970913681;1.44445655e-07;-1.30687849e-10;1.76079383e-14;71012.4364;5.48497999;3.48981665;0.000323835541;-1.68899065e-06;3.16217327e-09;-1.40609067e-12;70797.2934;2.08401108
55;CH;1;ThermData;;;;;;;;;H;1;C;1;;;;;G;000000;300.0;5000.0;1000.0;2.87846473;0.000970913681;1.44445655e-07;-1.30687849e-10;1.76079383e-14;71012.4364;5.48497999;3.48981665;0.000323835541;-1.68899065e-06;3.16217327e-09;-1.40609067e-12;70797.2934;2.08401108;None
56;CH2;0;MolData;1;-1;144.0;3.8;0.0;0.0;0.0;;
57;CH2;0;ThermData;;;;;;;;;C;1;H;2;;;;;G;L S/93;200.0;3500.0;1000.0;2.87410113;0.00365639292;-1.40894597e-06;2.60179549e-10;-1.87727567e-14;46263.604;6.17119324;3.76267867;0.000968872143;2.79489841e-06;-3.85091153e-09;1.68741719e-12;46004.0401;1.56253185
58;CH2(S);0;MolData;1;-1;144.0;3.8;0.0;0.0;0.0;;
59;CH2(S);0;ThermData;;;;;;;;;C;1;H;2;;;;;G;L S/93;200.0;3500.0;1000.0;2.29203842;0.00465588637;-2.01191947e-06;4.17906e-10;-3.39716365e-14;50925.9997;8.62650169;4.19860411;-0.00236661419;8.2329622e-06;-6.68815981e-09;1.94314737e-12;50496.8163;-0.769118967
60;CH2*;0;MolData;1;-1;144.0;3.8;0.0;0.0;0.0;;
61;CH2CHCCH;0;MolData;2;-1;357.0;5.18;0.0;0.0;1.0;! JAM;
62;CH2CHCCH2;0;MolData;2;-1;357.0;5.18;0.0;0.0;1.0;! JAM;
63;CH2CHCH2;0;MolData;2;-1;260.0;4.85;0.0;0.0;1.0;! JAM;
64;CH2CHCHCH;0;MolData;2;-1;357.0;5.18;0.0;0.0;1.0;! JAM;
65;CH2CHCHCH2;0;MolData;2;-1;357.0;5.18;0.0;0.0;1.0;! JAM;
66;CH2CHO;0;MolData;2;-1;436.0;3.97;0.0;0.0;2.0;;
67;CH2CHO;0;ThermData;;;;;;;;;O;1;H;3;C;2;;;G;SAND86;300.0;5000.0;1000.0;5.97567;0.008130591;-2.743624e-06;4.070304e-10;-2.176017e-14;490.3218;-5.045251;3.409062;0.010738574;1.891492e-06;-7.158583e-09;2.867385e-12;1521.4766;9.55829
68;CH2CHO;1;ThermData;;;;;;;;;H;3;O;1;C;2;;;G;000000;300.0;5000.0;1000.0;5.1662006;0.010847826;-4.4658368e-06;8.0628548e-10;-4.8410193e-14;-731.99347;-1.9633361;1.0134001;0.022681467;-1.5733944e-05;4.0491503e-09;2.9599012e-13;380.42853;19.356552;None
69;CH2CO;0;MolData;2;-1;436.0;3.97;0.0;0.0;2.0;;
70;CH2CO;0;ThermData;;;;;;;;;C;2;H;2;O;1;;;G;L 5/90;200.0;3500.0;1000.0;4.51129732;0.00900359745;-4.16939635e-06;9.23345882e-10;-7.94838201e-14;-7551.05311;0.632247205;2.1358363;0.0181188721;-1.73947474e-05;9.34397568e-09;-2.01457615e-12;-7042.91804;12.215648
71;CH2CO;1;ThermData;;;;;;;;;H;2;O;1;C;2;;;G;000000;300.0;5000.0;1000.0;4.51129732;0.00900359745;-4.16939635e-06;9.23345882e-10;-7.94838201e-14;-7551.05311;0.632247205;2.1358363;0.0181188721;-1.73947474e-05;9.34397568e-09;-2.01457615e-12;-7042.91804;12.215648;None
72;CH2O;0;MolData;2;-1;498.0;3.59;0.0;0.0;2.0;;
73;CH2O;0;ThermData;;;;;;;;;H;2;C;1;O;1;;;G;L 8/88;200.0;3500.0;1000.0;1.76069008;0.00920000082;-4.42258813e-06;1.00641212e-09;-8.8385564e-14;-13995.8323;13.656323;4.79372315;-0.00990833369;3.73220008e-05;-3.79285261e-08;1.31772652e-11;-14308.9567;0.6028129
74;CH2O;1;ThermData;;;;;;;;;H;2;O;1;C;1;;;G;000000;300.0;5000.0;1000.0;1.76069008;0.00920000082;-4.42258813e-06;1.00641212e-09;-8.8385564e-14;-13995.8323;13.656323;4.79372315;-0.00990833369;3.73220008e-05;-3.79285261e-08;1.31772652e-11;-14308.9567;0.6028129;None
75;CH2OH;0;MolData;2;-1;417.0;3.69;1.7;0.0;2.0;;
76;CH2OH;0;ThermData;;;;;;;;;C;1;H;3;O;1;;;G;GUNL93;200.0;3500.0;1000.0;3.69266569;0.00864576797;-3.7510112e-06;7.87234636e-10;-6.48554201e-14;-3242.50627;5.81043215;3.86388918;0.00559672304;5.93271791e-06;-1.04532012e-08;4.36967278e-12;-3193.91367;5.47302243
77;CH2OH;1;ThermData;;;;;;;;;H;3;O;1;C;1;;;G;000000;300.0;5000.0;1000.0;5.09312037;0.0059475855;-2.06496524e-06;3.23006703e-10;-1.88125052e-14;-4058.13228;-1.84690613;4.47832317;-0.00135069687;2.78483707e-05;-3.64867397e-08;1.47906775e-11;-3524.76728;3.30911984;None
78;CH3;0;MolData;1;-1;144.0;3.8;0.0;0.0;0.0;;
79;CH3;0;ThermData;;;;;;;;;C;1;H;3;;;;;G;L11/89;200.0;3500.0;1000.0;2.28571772;0.00723990037;-2.98714348e-06;5.95684644e-10;-4.67154394e-14;16775.5843;8.48007179;3.6735904;0.00201095175;5.73021856e-06;-6.87117425e-09;2.54385734e-12;16444.9988;1.60456433
80;CH3;1;ThermData;;;;;;;;;H;3;C;1;;;;;G;000000;300.0;5000.0;1000.0;2.28571772;0.00723990037;-2.98714348e-06;5.95684644e-10;-4.67154394e-14;16775.5843;8.48007179;3.6735904;0.00201095175;5.73021856e-06;-6.87117425e-09;2.54385734e-12;16444.9988;1.60456433;None
81;CH3CC;0;MolData;2;-1;252.0;4.76;0.0;0.0;1.0;! JAM;
82;CH3CCCH2;0;MolData;2;-1;357.0;5.18;0.0;0.0;1.0;! JAM;
83;CH3CCCH3;0;MolData;2;-1;357.0;5.18;0.0;0.0;1.0;! JAM;
84;CH3CCH2;0;MolData;2;-1;260.0;4.85;0.0;0.0;1.0;! JAM;
85;CH3CH2CCH;0;MolData;2;-1;357.0;5.18;0.0;0.0;1.0;! JAM;
86;CH3CHCH;0;MolData;2;-1;260.0;4.85;0.0;0.0;1.0;! JAM;
87;CH3CHO;0;MolData;2;-1;436.0;3.97;0.0;0.0;2.0;;
88;CH3CHO;0;ThermData;;;;;;;;;C;2;H;4;O;1;;;G;L 8/88;200.0;6000.0;1000.0;5.4041108;0.011723059;-4.2263137e-06;6.8372451e-10;-4.0984863e-14;-22593.122;-3.4807917;4.7294595;-0.0031932858;4.7534921e-05;-5.7458611e-08;2.1931112e-11;-21572.878;4.1030159
89;CH3CHO;1;ThermData;;;;;;;;;H;4;O;1;C;2;;;G;000000;300.0;5000.0;1000.0;5.4041108;0.011723059;-4.2263137e-06;6.8372451e-10;-4.0984863e-14;-22593.122;-3.4807917;4.7294595;-0.0031932858;4.7534921e-05;-5.7458611e-08;2.1931112e-11;-21572.878;4.1030159;None
90;CH3CO;0;MolData;2;-1;436.0;3.97;0.0;0.0;2.0;;
91;CH3CO;1;ThermData;;;;;;;;;H;3;O;1;C;2;;;G;000000;300.0;5000.0;1000.0;5.9447731;0.0078667205;-2.8865882e-06;4.7270875e-10;-2.8599861e-14;-3787.3075;-5.0136751;4.1634257;-0.0002326161;3.426782e-05;-4.4105227e-08;1.7275612e-11;-2657.4529;7.346828;None
92;CH3O;0;MolData;2;-1;417.0;3.69;1.7;0.0;2.0;;
93;CH3O;0;ThermData;;;;;;;;;C;1;H;3;O;1;;;G;121686;300.0;3000.0;1000.0;3.770799;0.007871497;-2.656384e-06;3.944431e-10;-2.112616e-14;127.83252;2.929575;2.106204;0.007216595;5.338472e-06;-7.377636e-09;2.07561e-12;978.6011;13.152177
94;CH3O;1;ThermData;;;;;;;;;H;3;O;1;C;1;;;G;000000;300.0;5000.0;1000.0;4.75779238;0.00744142474;-2.69705176e-06;4.38090504e-10;-2.63537098e-14;390.139164;-1.96680028;3.71180502;-0.00280463306;3.76550971e-05;-4.73072089e-08;1.8658842e-11;1307.72484;6.57240864;None
95;CH3OH;0;MolData;2;-1;481.8;3.626;0.0;0.0;1.0;! SVE;
96;CH3OH;0;ThermData;;;;;;;;;C;1;H;4;O;1;;;G;L 8/88;200.0;3500.0;1000.0;1.78970791;0.0140938292;-6.36500835e-06;1.38171085e-09;-1.1706022e-13;-25374.8747;14.5023623;5.71539582;-0.0152309129;6.52441155e-05;-7.10806889e-08;2.61352698e-11;-25642.7656;-1.50409823
97;CH3OH;1;ThermData;;;;;;;;;H;4;O;1;C;1;;;G;000000;300.0;5000.0;1000.0;1.78970791;0.0140938292;-6.36500835e-06;1.38171085e-09;-1.1706022e-13;-25374.8747;14.5023623;5.71539582;-0.0152309129;6.52441155e-05;-7.10806889e-08;2.61352698e-11;-25642.7656;-1.50409823;None
98;CH4;0;MolData;2;-1;141.4;3.746;0.0;2.6;13.0;;
99;CH4;0;ThermData;;;;;;;;;C;1;H;4;;;;;G;L 8/88;200.0;3500.0;1000.0;0.074851495;0.0133909467;-5.73285809e-06;1.22292535e-09;-1.0181523e-13;-9468.34459;18.437318;5.14987613;-0.0136709788;4.91800599e-05;-4.84743026e-08;1.66693956e-11;-10246.6476;-4.64130376
100;CH4;1;ThermData;;;;;;;;;H;4;C;1;;;;;G;000000;300.0;5000.0;1000.0;0.074851495;0.0133909467;-5.73285809e-06;1.22292535e-09;-1.0181523e-13;-9468.34459;18.437318;5.14987613;-0.0136709788;4.91800599e-05;-4.84743026e-08;1.66693956e-11;-10246.6476;-4.64130376;None
101;CH4O;0;MolData;2;-1;417.0;3.69;1.7;0.0;2.0;;
102;CN;0;MolData;1;-1;75.0;3.856;0.0;0.0;1.0;! OIS;
103;CN;0;ThermData;;;;;;;;;C;1;N;1;;;;;G;HBH92;200.0;6000.0;1000.0;3.7459805;4.3450775e-05;2.9705984e-07;-6.8651806e-11;4.4134173e-15;51536.188;2.7867601;3.6129351;-0.00095551327;2.1442977e-06;-3.1516323e-10;-4.6430356e-13;51708.34;3.9804995
104;CN;1;ThermData;;;;;;;;;C;1;N;1;;;;;G;T 6/94;200.0;6000.0;1000.0;3.7459804;4.3450773e-05;2.9705984e-07;-6.8651804e-11;4.4134174e-15;52353.188;2.78676;3.612935;-0.00095551327;2.1442976e-06;-3.1516324e-10;-4.6430356e-13;52525.34;3.9804995;52571.034
105;CN2;0;MolData;1;-1;232.4;3.828;0.0;0.0;1.0;! OIS;
106;CNC;0;MolData;1;-1;232.4;3.828;0.0;0.0;1.0;! OIS;
107;CNN;0;MolData;1;-1;232.4;3.828;0.0;0.0;1.0;! OIS;
108;CO;0;MolData;1;-1;98.1;3.65;0.0;1.95;1.8;;
109;CO;0;ThermData;;;;;;;;;C;1;O;1;;;;;G;TPIS79;200.0;3500.0;1000.0;2.71518561;0.00206252743;-9.98825771e-07;2.30053008e-10;-2.03647716e-14;-14151.8724;7.81868772;3.57953347;-0.00061035368;1.01681433e-06;9.07005884e-10;-9.04424499e-13;-14344.086;3.50840928
110;CO;1;ThermData;;;;;;;;;O;1;C;1;;;;;G;000000;300.0;5000.0;1000.0;2.71518561;0.00206252743;-9.98825771e-07;2.30053008e-10;-2.03647716e-14;-14151.8724;7.81868772;3.57953347;-0.00061035368;1.01681433e-06;9.07005884e-10;-9.04424499e-13;-14344.086;3.50840928;None
111;CO2;0;MolData;1;-1;244.0;3.763;0.0;2.65;2.1;;
112;CO2;0;ThermData;;;;;;;;;C;1;O;2;;;;;G;L 7/88;200.0;3500.0;1000.0;3.85746029;0.00441437026;-2.21481404e-06;5.23490188e-10;-4.72084164e-14;-48759.166;2.27163806;2.35677352;0.00898459677;-7.12356269e-06;2.45919022e-09;-1.43699548e-13;-48371.9697;9.90105222
113;CO2;1;ThermData;;;;;;;;;O;2;C;1;;;;;G;000000;300.0;5000.0;1000.0;3.85746029;0.00441437026;-2.21481404e-06;5.23490188e-10;-4.72084164e-14;-48759.166;2.27163806;2.35677352;0.00898459677;-7.12356269e-06;2.45919022e-09;-1.43699548e-13;-48371.9697;9.90105222;None
114;H;0;MolData;0;-1;145.0;2.05;0.0;0.0;0.0;;
115;H;0;ThermData;;;;;;;;;H;1;;;;;;;G;L 7/88;200.0;3500.0;1000.0;2.50000001;-2.30842973e-11;1.61561948e-14;-4.73515235e-18;4.98197357e-22;25473.6599;-0.446682914;2.5;7.05332819e-13;-1.99591964e-15;2.30081632e-18;-9.27732332e-22;25473.6599;-0.446682853
116;H;1;ThermData;;;;;;;;;H;1;;;;;;;G;000000;300.0;5000.0;1000.0;2.50000001;-2.30842973e-11;1.61561948e-14;-4.73515235e-18;4.98197357e-22;25473.6599;-0.446682914;2.5;7.05332819e-13;-1.99591964e-15;2.30081632e-18;-9.27732332e-22;25473.6599;-0.446682853;None
117;H2;0;MolData;1;-1;38.0;2.92;0.0;0.79;280.0;;
118;H2;0;ThermData;;;;;;;;;H;2;;;;;;;G;TPIS78;200.0;3500.0;1000.0;3.3372792;-4.94024731e-05;4.99456778e-07;-1.79566394e-10;2.00255376e-14;-950.158922;-3.20502331;2.34433112;0.00798052075;-1.9478151e-05;2.01572094e-08;-7.37611761e-12;-917.935173;0.683010238
119;H2;1;ThermData;;;;;;;;;H;2;;;;;;;G;000000;300.0;5000.0;1000.0;3.3372792;-4.94024731e-05;4.99456778e-07;-1.79566394e-10;2.00255376e-14;-950.158922;-3.20502331;2.34433112;0.00798052075;-1.9478151e-05;2.01572094e-08;-7.37611761e-12;-917.935173;0.683010238;None
120;H2C4O;0;MolData;2;-1;357.0;5.18;0.0;0.0;1.0;! JAM;
121;H2CCCCH;0;MolData;2;-1;357.0;5.18;0.0;0.0;1.0;! JAM;
122;H2CCCCH2;0;MolData;2;-1;357.0;5.18;0.0;0.0;1.0;! JAM;
123;H2CCCH;0;MolData;2;-1;252.0;4.76;0.0;0.0;1.0;! JAM;
124;H2CN;0;MolData;1;-1;569.0;3.63;0.0;0.0;1.0;! os/jm;
125;H2CN;0;ThermData;;;;;;;;;H;2;C;1;N;1;;;G;41687;300.0;4000.0;1000.0;5.209703;0.0029692911;-2.8555891e-07;-1.63555e-10;3.0432589e-14;27677.109;-4.444478;2.851661;0.0056952331;1.07114e-06;-1.622612e-09;-2.3511081e-13;28637.82;8.9927511
126;H2NO;0;MolData;2;-1;116.7;3.492;0.0;0.0;1.0;! JAM;
127;H2NO;1;ThermData;;;;;;;;;H;2;N;1;O;1;;;G;102290;300.0;4000.0;1500.0;5.673346;0.002298837;-1.774446e-07;-1.103482e-10;1.859762e-14;5569.325;-6.15354;2.53059;0.008596035;-5.47103e-06;2.276249e-09;-4.648073e-13;6868.03;11.26651;None
128;H2O;0;MolData;2;-1;572.4;2.605;1.844;0.0;4.0;;
129;H2O;0;ThermData;;;;;;;;;H;2;O;1;;;;;G;L 8/89;200.0;3500.0;1000.0;3.03399249;0.00217691804;-1.64072518e-07;-9.7041987e-11;1.68200992e-14;-30004.2971;4.9667701;4.19864056;-0.0020364341;6.52040211e-06;-5.48797062e-09;1.77197817e-12;-30293.7267;-0.849032208
130;H2O;1;ThermData;;;;;;;;;H;2;O;1;;;;;G;000000;300.0;5000.0;1000.0;3.03399249;0.00217691804;-1.64072518e-07;-9.7041987e-11;1.68200992e-14;-30004.2971;4.9667701;4.19864056;-0.0020364341;6.52040211e-06;-5.48797062e-09;1.77197817e-12;-30293.7267;-0.849032208;None
131;H2O2;0;MolData;2;-1;107.4;3.458;0.0;0.0;3.8;;
132;H2O2;0;ThermData;;;;;;;;;H;2;O;2;;;;;G;L 7/88;200.0;3500.0;1000.0;4.16500285;0.00490831694;-1.90139225e-06;3.71185986e-10;-2.87908305e-14;-17861.7877;2.91615662;4.27611269;-0.000542822417;1.67335701e-05;-2.15770813e-08;8.62454363e-12;-17702.5821;3.43505074
133;H2O2;1;ThermData;;;;;;;;;H;2;O;2;;;;;G;000000;300.0;5000.0;1000.0;4.16500285;0.00490831694;-1.90139225e-06;3.71185986e-10;-2.87908305e-14;-17861.7877;2.91615662;4.27611269;-0.000542822417;1.67335701e-05;-2.15770813e-08;8.62454363e-12;-17702.5821;3.43505074;None
134;HC2N2;0;MolData;1;-1;349.0;4.361;0.0;0.0;1.0;! OIS;
135;HCCHCCH;0;MolData;2;-1;357.0;5.18;0.0;0.0;1.0;! JAM;
136;HCCO;0;MolData;2;-1;150.0;2.5;0.0;0.0;1.0;! *;
137;HCCO;0;ThermData;;;;;;;;;H;1;C;2;O;1;;;G;SRIC91;300.0;4000.0;1000.0;5.6282058;0.0040853401;-1.5934547e-06;2.8626052e-10;-1.9407832e-14;19327.215;-3.9302595;2.2517214;0.017655021;-2.3729101e-05;1.7275759e-08;-5.0664811e-12;20059.449;12.490417
138;HCCO;1;ThermData;;;;;;;;;H;1;O;1;C;2;;;G;000000;300.0;5000.0;1000.0;5.6282058;0.0040853401;-1.5934547e-06;2.8626052e-10;-1.9407832e-14;19327.215;-3.9302595;2.2517214;0.017655021;-2.3729101e-05;1.7275759e-08;-5.0664811e-12;20059.449;12.490417;None
139;HCCOH;0;MolData;2;-1;436.0;3.97;0.0;0.0;2.0;;
140;HCCOH;0;ThermData;;;;;;;;;C;2;O;1;H;2;;;G;SRI91;300.0;5000.0;1000.0;5.9238291;0.00679236;-2.5658564e-06;4.4987841e-10;-2.9940101e-14;7264.626;-7.6017742;1.2423733;0.031072201;-5.0866864e-05;4.3137131e-08;-1.4014594e-11;8031.6143;13.874319
141;HCN;0;MolData;1;-1;569.0;3.63;0.0;0.0;1.0;! OIS;
142;HCN;0;ThermData;;;;;;;;;H;1;C;1;N;1;;;G;GRI/98;200.0;6000.0;1000.0;3.8022392;0.0031464228;-1.0632185e-06;1.6619757e-10;-9.799757e-15;14407.292;1.5754601;2.2589886;0.01005117;-1.3351763e-05;1.0092349e-08;-3.0089028e-12;14712.633;8.9164419
143;HCN;1;ThermData;;;;;;;;;H;1;C;1;N;1;;;G;L 7/88;200.0;6000.0;1000.0;3.8022392;0.0031464227;-1.0632185e-06;1.6619757e-10;-9.7997567e-15;14910.512;1.5754601;2.2589885;0.01005117;-1.3351763e-05;1.0092349e-08;-3.0089029e-12;15215.853;8.9164418;16236.675
144;HCNN;0;MolData;2;-1;150.0;2.5;0.0;0.0;1.0;! *;
145;HCNN;0;ThermData;;;;;;;;;C;1;N;2;H;1;;;G;SRI/94;300.0;5000.0;1000.0;5.8946362;0.0039895959;-1.598238e-06;2.9249395e-10;-2.0094686e-14;53452.941;-5.1030502;2.5243194;0.015960619;-1.8816354e-05;1.212554e-08;-3.2357378e-12;54261.984;11.67587
146;HCNO;0;MolData;2;-1;232.4;3.828;0.0;0.0;1.0;! JAM;
147;HCNO;0;ThermData;;;;;;;;;H;1;N;1;C;1;O;1;G;BDEA94;300.0;5000.0;1382.0;6.59860456;0.00302778626;-1.07704346e-06;1.71666528e-10;-1.01439391e-14;17966.1339;-10.3306599;2.64727989;0.0127505342;-1.04794236e-05;4.41432836e-09;-7.57521466e-13;19299.0252;10.7332972
148;HCO;0;MolData;2;-1;498.0;3.59;0.0;0.0;0.0;;
149;HCO;0;ThermData;;;;;;;;;H;1;C;1;O;1;;;G;L12/89;200.0;3500.0;1000.0;2.77217438;0.00495695526;-2.48445613e-06;5.89161778e-10;-5.33508711e-14;4011.91815;9.79834492;4.22118584;-0.00324392532;1.37799446e-05;-1.33144093e-08;4.33768865e-12;3839.56496;3.39437243
150;HCO;1;ThermData;;;;;;;;;H;1;O;1;C;1;;;G;000000;300.0;5000.0;1000.0;2.77217438;0.00495695526;-2.48445613e-06;5.89161778e-10;-5.33508711e-14;4011.91815;9.79834492;4.22118584;-0.00324392532;1.37799446e-05;-1.33144093e-08;4.33768865e-12;3839.56496;3.39437243;None
151;HNCO;0;MolData;2;-1;232.4;3.828;0.0;0.0;1.0;! OIS;
152;HNCO;0;ThermData;;;;;;;;;H;1;N;1;C;1;O;1;G;BDEA94;300.0;5000.0;1478.0;6.22395134;0.00317864004;-1.09378755e-06;1.70735163e-10;-9.95021955e-15;-16659.9344;-8.38224741;3.63096317;0.00730282357;-2.28050003e-06;-6.61271298e-10;3.62235752e-13;-15587.3636;6.19457727
153;HNCO;1;ThermData;;;;;;;;;H;1;N;1;C;1;O;1;G;T 6/94;200.0;6000.0;1000.0;5.2936894;0.004030777;-1.4130589e-06;2.2445562e-10;-1.3287683e-14;-15973.489;-3.086471;2.2432188;0.014491349;-1.5236174e-05;8.3345851e-09;-1.7104033e-12;-15233.708;12.157321;-14039.745
154;HNNO;0;MolData;2;-1;232.4;3.828;0.0;0.0;1.0;! *;
155;HNO;0;MolData;2;-1;116.7;3.492;0.0;0.0;1.0;! *;
156;HNO;0;ThermData;;;;;;;;;H;1;N;1;O;1;;;G;And93;200.0;6000.0;1000.0;2.9792509;0.0034944059;-7.8549778e-07;5.7479594e-11;-1.9335916e-16;11750.582;8.6063728;4.5334916;-0.0056696171;1.8473207e-05;-1.7137094e-08;5.5454573e-12;11548.297;1.7498417
157;HNO;1;ThermData;;;;;;;;;H;1;N;1;O;1;;;G;L12/89;200.0;3500.0;1000.0;3.1655229;0.0030000862;-3.9436619e-07;-3.8575815e-11;7.0807189e-15;11194.426;7.6477833;4.5352475;-0.0056853972;1.851985e-05;-1.7188273e-08;5.5583207e-12;11039.881;1.7431919;12271.645
158;HNOH;0;MolData;2;-1;116.7;3.492;0.0;0.0;1.0;! JAM;
159;HO2;0;MolData;2;-1;107.4;3.458;0.0;0.0;1.0;! *;
160;HO2;0;ThermData;;;;;;;;;H;1;O;2;;;;;G;L 5/89;200.0;3500.0;1000.0;4.0172109;0.00223982013;-6.3365815e-07;1.1424637e-10;-1.07908535e-14;111.856713;3.78510215;4.30179801;-0.00474912051;2.11582891e-05;-2.42763894e-08;9.29225124e-12;294.80804;3.71666245
161;HO2;1;ThermData;;;;;;;;;H;1;O;2;;;;;G;000000;300.0;5000.0;1000.0;4.0172109;0.00223982013;-6.3365815e-07;1.1424637e-10;-1.07908535e-14;111.856713;3.78510215;4.30179801;-0.00474912051;2.11582891e-05;-2.42763894e-08;9.29225124e-12;294.80804;3.71666245;None
162;HOCN;0;MolData;2;-1;232.4;3.828;0.0;0.0;1.0;! JAM;
163;HOCN;0;ThermData;;;;;;;;;H;1;N;1;C;1;O;1;G;BDEA94;300.0;5000.0;1368.0;5.89784885;0.00316789393;-1.11801064e-06;1.77243144e-10;-1.04339177e-14;-3706.53331;-6.18167825;3.78604952;0.00688667922;-3.21487864e-06;5.17195767e-10;1.19360788e-14;-2826.984;5.63292162
164;He;0;MolData;0;-1;10.2;2.576;0.0;0.0;0.0;! *;
165;I*C3H7;0;MolData;2;-1;266.8;4.982;0.0;0.0;1.0;;
166;I*C4H9;0;MolData;2;-1;357.0;5.176;0.0;0.0;1.0;;
167;N;0;MolData;0;-1;71.4;3.298;0.0;0.0;0.0;! *;
168;N;0;ThermData;;;;;;;;;N;1;;;;;;;G;L 6/88;200.0;6000.0;1000.0;2.4159429;0.00017489065;-1.1902369e-07;3.0226245e-11;-2.0360982e-15;56133.773;4.6496096;2.5;0.0;0.0;0.0;0.0;56104.637;4.1939087
169;N;1;ThermData;;;;;;;;;N;1;;;;;;;G;120186;300.0;5000.0;1000.0;2.450268;0.00010661458;-7.465337e-08;1.879652e-11;-1.0259839e-15;56116.04;4.448758;2.503071;-2.180018e-05;5.420529e-08;-5.64756e-11;2.099904e-14;56098.9;4.167566;None
170;N*C3H7;0;MolData;2;-1;266.8;4.982;0.0;0.0;1.0;;
171;N2;0;MolData;1;-1;97.53;3.621;0.0;1.76;4.0;;
172;N2;0;ThermData;;;;;;;;;N;2;;;;;;;G;121286;300.0;5000.0;1000.0;2.92664;0.0014879768;-5.68476e-07;1.0097038e-10;-6.753351e-15;-922.7977;5.980528;3.298677;0.0014082404;-3.963222e-06;5.641515e-09;-2.444854e-12;-1020.8999;3.950372
173;N2;1;ThermData;;;;;;;;;N;2;;;;;;;G;000000;300.0;5000.0;1000.0;2.92664;0.0014879768;-5.68476e-07;1.0097038e-10;-6.753351e-15;-922.7977;5.980528;3.298677;0.0014082404;-3.963222e-06;5.641515e-09;-2.444854e-12;-1020.8999;3.950372;None
174;N2H2;0;MolData;2;-1;71.4;3.798;0.0;0.0;1.0;! *;
175;N2H3;0;MolData;2;-1;200.0;3.9;0.0;0.0;1.0;! *;
176;N2H4;0;MolData;2;-1;205.0;4.23;0.0;4.26;1.5;;
177;N2O;0;MolData;1;-1;232.4;3.828;0.0;0.0;1.0;! *;
178;N2O;0;ThermData;;;;;;;;;N;2;O;1;;;;;G;L 7/88;200.0;6000.0;1000.0;4.8230729;0.0026270251;-9.5850874e-07;1.6000712e-10;-9.7752303e-15;8073.4048;-2.2017207;2.2571502;0.011304728;-1.3671319e-05;9.6819806e-09;-2.9307182e-12;8741.7744;10.757992
179;N2O;1;ThermData;;;;;;;;;N;2;O;1;;;;;G;L 7/88;200.0;6000.0;1000.0;4.8230729;0.0026270251;-9.5850872e-07;1.6000712e-10;-9.7752302e-15;8073.4047;-2.2017208;2.2571502;0.011304728;-1.3671319e-05;9.6819803e-09;-2.9307182e-12;8741.7746;10.757992;9814.1682
180;NCN;0;MolData;1;-1;232.4;3.828;0.0;0.0;1.0;! OIS;
181;NCNO;0;MolData;2;-1;232.4;3.828;0.0;0.0;1.0;! OIS;
182;NCO;0;MolData;1;-1;232.4;3.828;0.0;0.0;1.0;! OIS;
183;NCO;0;ThermData;;;;;;;;;N;1;C;1;O;1;;;G;EA 93;200.0;6000.0;1000.0;5.1521845;0.0023051761;-8.8033153e-07;1.4789098e-10;-9.0977996e-15;14004.123;-2.544266;2.8269308;0.0088051688;-8.3866134e-06;4.8016964e-09;-1.3313595e-12;14682.477;9.5504646
184;NCO;1;ThermData;;;;;;;;;N;1;C;1;O;1;;;G;EA 93;200.0;6000.0;1000.0;5.1521845;0.0023051761;-8.8033153e-07;1.4789098e-10;-9.0977996e-15;14004.123;-2.544266;2.8269308;0.0088051688;-8.3866134e-06;4.8016964e-09;-1.3313595e-12;14682.477;9.5504646;None
185;NH;0;MolData;1;-1;80.0;2.65;0.0;0.0;4.0;;
186;NH;0;ThermData;;;;;;;;;N;1;H;1;;;;;G;And94;200.0;6000.0;1000.0;2.7836928;0.001329843;-4.2478047e-07;7.8348501e-11;-5.504447e-15;42120.848;5.7407799;3.4929085;0.00031179198;-1.4890484e-06;2.4816442e-09;-1.0356967e-12;41880.629;1.8483278
187;NH;1;ThermData;;;;;;;;;N;1;H;1;;;;;G;L11/89;200.0;6000.0;1000.0;2.7836929;0.0013298429;-4.2478047e-07;7.8348504e-11;-5.504447e-15;42134.514;5.7407798;3.4929084;0.00031179197;-1.4890484e-06;2.4816442e-09;-1.0356967e-12;41894.294;1.8483277;42940.822
188;NH2;0;MolData;2;-1;80.0;2.65;0.0;2.26;4.0;;
189;NH2;0;ThermData;;;;;;;;;N;1;H;2;;;;;G;And89;200.0;6000.0;1000.0;2.8347421;0.0032073082;-9.3390804e-07;1.3702953e-10;-7.9206144e-15;22171.957;6.5204163;4.2040029;-0.0021061385;7.1068348e-06;-5.6115197e-09;1.6440717e-12;21885.91;-0.14184248
190;NH2;1;ThermData;;;;;;;;;N;1;H;2;;;;;G;L12/89;200.0;6000.0;1000.0;2.8476611;0.0031428453;-8.9866557e-07;1.3032357e-10;-7.4885356e-15;21823.916;6.4718133;4.2055601;-0.0021355282;7.2682021e-06;-5.9302799e-09;1.8067218e-12;21535.223;-0.14663231;22747.541
191;NH3;0;MolData;2;-1;481.0;2.92;1.47;0.0;10.0;;
192;NH3;0;ThermData;;;;;;;;;N;1;H;3;;;;;G;J 6/77;200.0;6000.0;1000.0;2.6344521;0.005666256;-1.7278676e-06;2.3867161e-10;-1.2578786e-14;-6544.6958;6.5662928;4.2860274;-0.004660523;2.1718513e-05;-2.2808887e-08;8.2638046e-12;-6741.7285;-0.62537277
193;NNH;0;MolData;2;-1;71.4;3.798;0.0;0.0;1.0;! *;
194;NNH;0;ThermData;;;;;;;;;N;2;H;1;;;;;G;T07/93;200.0;6000.0;1000.0;3.7667544;0.0028915082;-1.041662e-06;1.6842594e-10;-1.0091896e-14;28650.697;4.4705067;4.3446927;-0.0048497072;2.0059459e-05;-2.1726464e-08;7.9469539e-12;28791.973;2.977941
195;NO;0;MolData;1;-1;97.53;3.621;0.0;1.76;4.0;;
196;NO;0;ThermData;;;;;;;;;N;1;O;1;;;;;G;RUS 78;200.0;6000.0;1000.0;3.2606056;0.0011911043;-4.2917048e-07;6.9457669e-11;-4.0336099e-15;9920.9746;6.3693027;4.2184763;-0.004638976;1.1041022e-05;-9.3361354e-09;2.803577e-12;9844.623;2.2808464
197;NO;1;ThermData;;;;;;;;;N;1;O;1;;;;;G;RUS 89;200.0;6000.0;1000.0;3.26071234;0.00119101135;-4.29122646e-07;6.94481463e-11;-4.03295681e-15;9921.43132;6.36900518;4.21859896;-0.00463988124;1.10443049e-05;-9.34055507e-09;2.80554874e-12;9845.09964;2.28061001;10977.0882
198;NO2;0;MolData;2;-1;200.0;3.5;0.0;0.0;1.0;! *;
199;NO2;0;ThermData;;;;;;;;;N;1;O;2;;;;;G;L 7/88;200.0;6000.0;1000.0;4.8847542;0.0021723956;-8.2806906e-07;1.574751e-10;-1.0510895e-14;2316.4983;-0.11741695;3.9440312;-0.001585429;1.6657812e-05;-2.0475426e-08;7.8350564e-12;2896.6179;6.3119917
200;NO2;1;ThermData;;;;;;;;;N;1;O;2;;;;;G;L 7/88;200.0;6000.0;1000.0;4.884754;0.0021723955;-8.2806909e-07;1.574751e-10;-1.0510895e-14;2316.4982;-0.11741695;3.9440312;-0.001585429;1.6657812e-05;-2.0475426e-08;7.8350564e-12;2896.618;6.3119919;4112.4701
201;O;0;MolData;0;-1;80.0;2.75;0.0;0.0;0.0;;
202;O;0;ThermData;;;;;;;;;O;1;;;;;;;G;L 1/90;200.0;3500.0;1000.0;2.56942078;-8.59741137e-05;4.19484589e-08;-1.00177799e-11;1.22833691e-15;29217.5791;4.78433864;3.1682671;-0.00327931884;6.64306396e-06;-6.12806624e-09;2.11265971e-12;29122.2592;2.05193346
203;O;1;ThermData;;;;;;;;;O;1;;;;;;;G;000000;300.0;5000.0;1000.0;2.56942078;-8.59741137e-05;4.19484589e-08;-1.00177799e-11;1.22833691e-15;29217.5791;4.78433864;3.1682671;-0.00327931884;6.64306396e-06;-6.12806624e-09;2.11265971e-12;29122.2592;2.05193346;None
204;O2;0;MolData;1;-1;107.4;3.458;0.0;1.6;3.8;;
205;O2;0;ThermData;;;;;;;;;O;2;;;;;;;G;TPIS89;200.0;3500.0;1000.0;3.28253784;0.00148308754;-7.57966669e-07;2.09470555e-10;-2.16717794e-14;-1088.45772;5.45323129;3.78245636;-0.00299673416;9.84730201e-06;-9.68129509e-09;3.24372837e-12;-1063.94356;3.65767573
206;O2;1;ThermData;;;;;;;;;O;2;;;;;;;G;000000;300.0;5000.0;1000.0;3.28253784;0.00148308754;-7.57966669e-07;2.09470555e-10;-2.16717794e-14;-1088.45772;5.45323129;3.78245636;-0.00299673416;9.84730201e-06;-9.68129509e-09;3.24372837e-12;-1063.94356;3.65767573;None
207;OH;0;MolData;1;-1;80.0;2.75;0.0;0.0;0.0;;
208;OH;0;ThermData;;;;;;;;;O;1;H;1;;;;;G;RUS 78;200.0;3500.0;1000.0;3.09288767;0.000548429716;1.26505228e-07;-8.79461556e-11;1.17412376e-14;3858.657;4.4766961;3.99201543;-0.00240131752;4.61793841e-06;-3.88113333e-09;1.3641147e-12;3615.08056;-0.103925458
209;OH;1;ThermData;;;;;;;;;H;1;O;1;;;;;G;000000;300.0;5000.0;1000.0;2.86472886;0.00105650448;-2.59082758e-07;3.05218674e-11;-1.33195876e-15;3718.85774;5.70164073;4.12530561;-0.00322544939;6.52764691e-06;-5.79853643e-09;2.06237379e-12;3381.53812;-0.69043296;None
210;CHCHO;1;ThermData;;;;;;;;;H;2;C;2;O;1;;;G;;200.0;3000.0;1000.0;5.96287949;0.00799898746;-4.30605647e-06;1.11076174e-09;-1.11415021e-13;28725.5915;-5.17392496;2.06863692;0.0187233234;-1.21318942e-05;-3.33726595e-10;2.32881768e-12;29739.3543;14.7865706;None
211;Ar;1;ThermData;;;;;;;;;Ar;1;;;;;;;G;000000;300.0;5000.0;1000.0;2.5;0.0;0.0;0.0;0.0;-745.375;4.366;2.5;0.0;0.0;0.0;0.0;-745.375;4.366;None
212;HE;1;ThermData;;;;;;;;;He;1;;;;;;;G;000000;300.0;5000.0;1000.0;2.5;0.0;0.0;0.0;0.0;-745.375;0.928723974;2.5;0.0;0.0;0.0;0.0;-745.375;0.928723974;None
213;O3;1;ThermData;;;;;;;;;O;3;;;;;;;G;L 5/90;200.0;6000.0;1000.0;12.3302914;-0.0119324783;7.98741278e-06;-1.77194552e-09;1.26075824e-13;12675.5831;-40.8823374;3.40738221;0.00205379063;1.38486052e-05;-2.23311542e-08;9.76073226e-12;15864.4979;8.2824758;17054.5228
214;T-CH2;1;ThermData;;;;;;;;;H;2;C;1;;;;;G;000000;300.0;5000.0;1000.0;2.87410113;0.00365639292;-1.40894597e-06;2.60179549e-10;-1.87727567e-14;46263.604;6.17119324;3.76267867;0.000968872143;2.79489841e-06;-3.85091153e-09;1.68741719e-12;46004.0401;1.56253185;None
215;S-CH2;1;ThermData;;;;;;;;;H;2;C;1;;;;;G;000000;300.0;5000.0;1000.0;2.29203842;0.00465588637;-2.01191947e-06;4.17906e-10;-3.39716365e-14;50925.9997;8.62650169;4.19860411;-0.00236661419;8.2329622e-06;-6.68815981e-09;1.94314737e-12;50496.8163;-0.769118967;None
216;C2H4OOH;1;ThermData;;;;;;;;;H;5;O;2;C;2;;;G;000000;300.0;5000.0;1000.0;11.6258666;0.0100826346;-3.47934362e-06;5.4339422e-10;-3.16569294e-14;-910.568267;-31.8522902;0.813237801;0.03900634;-3.40643855e-05;1.55066226e-08;-2.8406984e-12;2507.85787;24.9684459;None
217;OC2H3OOH;1;ThermData;;;;;;;;;H;4;O;3;C;2;;;G;000000;300.0;5000.0;1000.0;12.4064339;0.00947233784;-3.28107928e-06;5.13772211e-10;-2.99872803e-14;-34912.3142;-33.9479874;5.52382546;0.0242068306;-1.52898974e-05;5.01728362e-09;-6.96406358e-13;-32340.6789;3.57240645;None
218;C2H4O;1;ThermData;;;;;;;;;H;4;O;1;C;2;;;G;000000;300.0;5000.0;1000.0;5.4041108;0.011723059;-4.2263137e-06;6.8372451e-10;-4.0984863e-14;-22593.122;-3.4807917;4.7294595;-0.0031932858;4.7534921e-05;-5.7458611e-08;2.1931112e-11;-21572.878;4.1030159;None
219;C2H5OH;1;ThermData;;;;;;;;;H;6;O;1;C;2;;;G;000000;300.0;5000.0;1000.0;4.3471712;0.0186288;-6.779467e-06;8.165926e-10;0.0;-30661.5743;3.24247304;0.5765358;0.02894512;-1.61002e-05;3.591641e-09;0.0;-29635.95;22.70813;None
220;CH2CH2OH;1;ThermData;;;;;;;;;H;5;O;1;C;2;;;G;000000;300.0;5000.0;1000.0;7.52244726;0.0110492715;-3.72576465e-06;5.72827397e-10;-3.30061759e-14;-7293.37464;-12.496075;1.17714711;0.0248115685;-1.50299503e-05;4.79006785e-09;-6.40994211e-13;-4953.69043;22.0081586;None
221;CH3CHOH;1;ThermData;;;;;;;;;H;5;O;1;C;2;;;G;000000;300.0;5000.0;1000.0;7.26570301;0.0109588926;-3.63662803e-06;5.5365983e-10;-3.17012322e-14;-8643.71441;-10.6822851;1.83974631;0.0187789371;-4.60544253e-06;-2.1311699e-09;9.43772653e-13;-6295.95195;20.1446141;None
222;CH3CH2O;1;ThermData;;;;;;;;;H;5;O;1;C;2;;;G;000000;300.0;5000.0;1000.0;8.31182392;0.0103426319;-3.39186089e-06;5.12212617e-10;-2.91601713e-14;-6130.97954;-21.3985581;-0.271296378;0.0298839812;-1.97090548e-05;6.37339893e-09;-7.77965054e-13;-3163.97196;24.7706003;None
223;C3H3;1;ThermData;;;;;;;;;H;3;C;3;;;;;G;000000;300.0;5000.0;1000.0;7.1422188;0.00761902005;-2.6745995e-06;4.24914801e-10;-2.51475415e-14;38908.7427;-12.5848436;1.35110927;0.0327411223;-4.73827135e-05;3.76309808e-08;-1.18540923e-11;40105.7783;15.2058924;None
224;I-C3H7;1;ThermData;;;;;;;;;H;7;C;3;;;;;G;000000;300.0;5000.0;1000.0;6.5192741;0.017220104;-5.7364217e-06;8.4130732e-10;-4.4565913e-14;7322.7193;-9.0830215;1.4449199;0.020999112;7.7036222e-06;-1.8476253e-08;7.1282962e-12;9422.3724;20.116317;None
225;N-C3H7;1;ThermData;;;;;;;;;H;7;C;3;;;;;G;000000;300.0;5000.0;1000.0;7.7097479;0.016031485;-5.2720238e-06;7.5888352e-10;-3.8862719e-14;7976.2236;-15.515297;1.0491173;0.026008973;2.3542516e-06;-1.9595132e-08;9.3720207e-12;10312.346;21.136034;None
226;C3H6OOH;1;ThermData;;;;;;;;;H;7;O;2;C;3;;;G;000000;300.0;5000.0;1000.0;14.613998;0.0143723015;-4.88635144e-06;7.5651962e-10;-4.38364992e-14;-6461.01457;-45.7478245;1.91005011;0.0411666833;-2.51630217e-05;7.11856873e-09;-6.98838732e-13;-1793.05093;23.4514457;None
227;OC3H5OOH;1;ThermData;;;;;;;;;H;6;O;3;C;3;;;G;000000;300.0;5000.0;1000.0;17.0285271;0.0130716784;-4.59310856e-06;7.26135156e-10;-4.26658337e-14;-41633.4217;-59.2513577;0.768933034;0.054690588;-4.65072405e-05;2.03159585e-08;-3.58398999e-12;-36323.8861;26.8291637;None
228;JP10;1;ThermData;;;;;;;;;C;10;H;16;;;;;G;;300.0;5000.0;1000.0;-4.782902;0.0908977;-4.73497e-05;9.362839e-09;-3.173506e-12;-9136.401;-15.9228;-4.782902;0.0908977;-4.73497e-05;9.362839e-09;-3.173506e-12;-9136.401;-15.9228;None
229;CHO;1;ThermData;;;;;;;;;H;1;C;1;O;1;;;G;L12/89;200.0;3500.0;1000.0;2.77217438;0.00495695526;-2.48445613e-06;5.89161778e-10;-5.33508711e-14;4011.91815;9.79834492;4.22118584;-0.00324392532;1.37799446e-05;-1.33144093e-08;4.33768865e-12;3839.56496;3.39437243;9989.45
230;C5H8;1;ThermData;;;;;;;;;C;5;H;8;;;;;G;T 2/90;200.0;5000.0;1000.0;7.7244792;0.028322316;-1.1545236e-05;2.1540815e-09;-1.5054178e-13;-782.61573;-19.769698;2.689814;0.002095455;0.00011303687;-1.540807e-07;6.2763658e-11;2313.9663;15.294056;None
231;C3H5;1;ThermData;;;;;;;;;C;3;H;5;;;;;G;PD5/98;300.0;3000.0;1.0;6.5007877;0.014324731;-5.6781632e-06;1.1080801e-09;-9.0363887e-14;17482.449;-11.24305;1.3631835;0.019813821;1.249706e-05;-3.3355555e-08;1.5846571e-11;19245.629;17.173214;None
232;C7H16;1;ThermData;;;;;;;;;C;7;H;16;;;;;G;000000N   0;300.0;5000.0;1000.0;5.15327664;0.0658448144;-2.99765849e-05;5.12173194e-09;0.0;-27333.4877;2.64465624;-1.49861609;0.0856446777;-5.10778379e-05;1.45322121e-08;-1.45719946e-12;-25608.9558;36.5725432;None
233;C5H10;1;ThermData;;;;;;;;;C;5;H;10;;;;;G;000000N   0;300.0;5000.0;1000.0;4.62768794;0.0399163471;-1.76584355e-05;2.94527974e-09;0.0;-5909.30391;3.39515508;-1.36099451;0.0587684877;-3.93332993e-05;1.36933176e-08;-1.93663167e-12;-4421.42034;33.6502744;None
234;NH3  AMO;1;ThermData;;;;;;;;;N;1;H;3;;;;;G;NIA       RUS 89;200.0;6000.0;1000.0;2.71709692;0.00556856338;-1.76886396e-06;2.6741726e-10;-1.52731419e-14;-6584.51989;6.09289837;4.30177808;-0.0047712733;2.19341619e-05;-2.29856489e-08;8.28992268e-12;-6748.06394;-0.690644393;-5525.2805
235;N2H;1;ThermData;;;;;;;;;N;2;H;1;;;;;G;T07/93;200.0;6000.0;1000.0;3.7667545;0.0028915081;-1.041662e-06;1.6842594e-10;-1.0091896e-14;28650.697;4.4705068;4.3446927;-0.0048497072;2.0059459e-05;-2.1726464e-08;7.9469538e-12;28791.973;2.9779411;30009.829
236;C4H10;1;ThermData;;;;;;;;;C;4;H;10;;;;;G;8/ 4/ 4 THERM;300.0;5000.0;1392.0;12.4940183;0.0217726258;-7.44272215e-06;1.15487023e-09;-6.69712949e-14;-21840.3437;-44.5558921;-0.455756824;0.0480323389;-2.65497552e-05;6.925447e-09;-6.38317504e-13;-16896.0904;26.4870966;None
237;PC4H9;1;ThermData;;;;;;;;;C;4;H;9;;;;;G;8/ 4/ 4 THERM;300.0;5000.0;1391.0;12.0779744;0.0196264778;-6.71302199e-06;1.04206424e-09;-6.04469282e-14;3225.50473;-38.7719384;0.320730933;0.0434654454;-2.4058497e-05;6.28245308e-09;-5.80113166e-13;7714.90893;25.7301085;None
238;SC4H9;1;ThermData;;;;;;;;;C;4;H;9;;;;;G;8/ 4/ 4 THERM;300.0;5000.0;1381.0;11.6934304;0.0196402287;-6.65306517e-06;1.02631895e-09;-5.92826294e-14;1963.82429;-36.1626672;0.849159986;0.038208532;-1.49626797e-05;2.04499211e-10;8.24254437e-13;6388.32956;24.4466606;None
239;PC4H9O2;1;ThermData;;;;;;;;;C;4;H;9;O;2;;;G;7/19/ 0 THERM;300.0;5000.0;1385.0;15.7845448;0.021521091;-7.44909017e-06;1.16558071e-09;-6.79885609e-14;-16014.6054;-54.0388525;1.9436365;0.0515513163;-3.282844e-05;1.1306486e-08;-1.70118606e-12;-10835.8103;21.3503149;None
240;SC4H9O2;1;ThermData;;;;;;;;;C;4;H;9;O;2;;;G;7/19/ 0 THERM;300.0;5000.0;1389.0;16.4031135;0.0209361006;-7.23393011e-06;1.13058996e-09;-6.58938667e-14;-18507.4517;-57.7331636;1.32689044;0.0562785583;-4.01717786e-05;1.57120967e-08;-2.62948443e-12;-13155.7057;23.4069659;None
241;C4H8OOH1;1;ThermData;;;;;;;;;C;4;H;9;O;4;;;G;-3O2 7/19/ 0 TRM;300.0;5000.0;1387.0;22.3244015;0.0205474775;-7.19076348e-06;1.13361536e-09;-6.64744383e-14;-30546.8277;-83.266607;2.22400728;0.070499462;-5.66978827e-05;2.42627751e-08;-4.29715459e-12;-23739.149;23.8371533;None
242;NC4KET13;1;ThermData;;;;;;;;;C;4;H;8;O;3;;;G;7/19/ 0 THERM;300.0;5000.0;1386.0;19.6430808;0.0180940566;-6.33063232e-06;9.97860399e-10;-5.85076458e-14;-45958.8851;-71.6905094;2.74883461;0.0586936745;-4.49605895e-05;1.8320013e-08;-3.11765369e-12;-40106.5878;18.807209;None
243;C7H14;1;ThermData;;;;;;;;;C;7;H;14;;;;;G;;300.0;5000.0;1390.0;20.6190401;0.0314852991;-1.07162057e-05;1.65827662e-09;-9.59911785e-14;-19671.0875;-82.2507478;-1.16533279;0.0790439806;-4.96101666e-05;1.58569009e-08;-2.05346433e-12;-11736.2359;35.987107;None
244;NC7H15;1;ThermData;;;;;;;;;C;7;H;15;;;;;G;;300.0;5000.0;1382.0;21.6371448;0.0323324804;-1.09273807e-05;1.6835706e-09;-9.71774091e-14;-10587.7217;-85.2228493;-0.0379155767;0.075672657;-4.07473634e-05;9.32678943e-09;-4.92360745e-13;-2356.05303;33.7321506;None
245;NC7-QOOH;1;ThermData;;;;;;;;;C;7;H;15;O;2;;;G;7/19/0 therm;300.0;5000.0;1389.0;27.4034778;0.0327527893;-1.1299177e-05;1.76444649e-09;-1.02786945e-13;-24863.6651;-110.201978;0.849786005;0.0925107196;-6.25359834e-05;2.1788039e-08;-3.12720398e-12;-15364.0679;33.2997487;None
246;NC7-OQOO;1;ThermData;;;;;;;;;C;7;H;14;O;3;;;G;H  7/19/ 0 therm;300.0;5000.0;1387.0;28.8330388;0.0320168096;-1.11508456e-05;1.75226159e-09;-1.02520451e-13;-62014.2474;-117.499704;1.52936692;0.0958173466;-6.9668852e-05;2.69540382e-08;-4.38728126e-12;-52383.9542;29.3851334;None
247;CH3OCH3;1;ThermData;;;;;;;;;C;2;H;6;O;1;;;G;AK0904;270.0;3000.0;710.0;0.830815546;0.0269173263;-1.38874777e-05;3.47515079e-09;-3.41706784e-13;-23412.0975;20.217436;5.68097447;-0.00539434751;6.4947275e-05;-8.05065318e-08;3.27474018e-11;-23975.5455;-0.636955496;None
248;CH3OCH2;1;ThermData;;;;;;;;;C;2;H;5;O;1;;;G;7/20/98 THERM;300.0;5000.0;1376.0;8.17137842;0.0110086181;-3.82352277e-06;5.99637202e-10;-3.50317513e-14;-3419.41605;-17.8650856;2.91327415;0.0203364659;-9.59712342e-06;2.07478525e-09;-1.71343362e-13;-1188.4424;11.6066817;None
249;CH3OCH2O;1;ThermData;;;;;;;;;C;2;H;6;O;2;;;G;H  2/ 9/96 THERM;300.0;5000.0;2014.0;8.7098157;0.0153602372;-5.41003788e-06;8.60573446e-10;-5.08819752e-14;-47660.7115;-18.0226702;3.15851876;0.0244325751;-8.66984784e-06;-5.93319328e-11;4.36400003e-13;-45448.8899;13.0511235;None
250;CH2OCH2O;1;ThermData;;;;;;;;;C;2;H;5;O;3;;;G;2H 7/20/98 THERM;300.0;5000.0;1393.0;15.1191783;0.00923718883;-3.19127505e-06;4.99114678e-10;-2.91162488e-14;-18411.4867;-48.5706618;2.52895507;0.042412829;-3.73406386e-05;1.66639333e-08;-2.96443312e-12;-14429.3306;17.6899251;None
251;HCOOH;1;ThermData;;;;;;;;;C;1;H;2;O;2;;;G;7/ 1/99 THERM;300.0;5000.0;1376.0;6.68733013;0.00514289368;-1.82238513e-06;2.89719163e-10;-1.70892199e-14;-48399.54;-11.3104798;1.43548185;0.0163363016;-1.06257421e-05;3.32132977e-09;-4.02176103e-13;-46461.6504;17.2885798;None
252;HOCH2OCO;1;ThermData;;;;;;;;;C;2;H;3;O;3;;;G;8/31/99 THERM;300.0;5000.0;1603.0;11.3737391;0.00817663898;-2.92034021e-06;4.66695616e-10;-2.76276823e-14;-46557.5743;-28.6035265;6.08180801;0.0128768359;2.04419418e-06;-6.10154921e-09;1.79820559e-12;-43952.6183;2.54054449;None
253;HOCH2O;1;ThermData;;;;;;;;;C;1;H;3;O;2;;;G;8/ 4/99 THERM;300.0;5000.0;1452.0;6.39521515;0.00743673043;-2.50422354e-06;3.84879712e-10;-2.21778689e-14;-24750.0385;-7.29290847;4.11183145;0.00753850697;3.7733737e-06;-5.38746005e-09;1.45615887e-12;-23441.4546;6.81381989;None
254;HO2CH2OC;1;ThermData;;;;;;;;;C;2;H;4;O;4;;;G;HO 8/31/99 THERM;300.0;5000.0;1387.0;16.4584298;0.00852683511;-3.041135e-06;4.85596908e-10;-2.87316334e-14;-62395.9608;-53.8924139;3.47935703;0.0402952392;-3.30109296e-05;1.34360117e-08;-2.1860158e-12;-58062.9934;15.2521392;None
255;O2CH2OCH;1;ThermData;;;;;;;;;C;2;H;5;O;5;;;G;2O2H 7/20/98 TRM;300.0;5000.0;1402.0;19.2038046;0.0104394841;-3.60582939e-06;5.63792843e-10;-3.28807214e-14;-37920.7055;-65.1847273;1.99640551;0.0583226232;-5.53259778e-05;2.5981054e-08;-4.77141005e-12;-32762.8742;24.4215005;None
256;HOCHO;1;ThermData;;;;;;;;;C;1;H;2;O;2;;;G;7/ 1/99 THERM;300.0;5000.0;1376.0;6.68733013;0.00514289368;-1.82238513e-06;2.89719163e-10;-1.70892199e-14;-48399.54;-11.3104798;1.43548185;0.0163363016;-1.06257421e-05;3.32132977e-09;-4.02176103e-13;-46461.6504;17.2885798;None
257;OCH2OCHO;1;ThermData;;;;;;;;;C;2;H;3;O;3;;;G;4/ 9/98 THERM;300.0;5000.0;1475.0;12.0233916;0.00811262659;-2.91356462e-06;4.67340384e-10;-2.77375525e-14;-43364.7231;-33.3691809;5.19690837;0.0158839723;3.53540547e-07;-6.10456923e-09;1.94661801e-12;-40224.2792;6.11645828;None
258;CH3OCO;1;ThermData;;;;;;;;;C;2;H;3;O;2;;;G;4/20/99 THERM;300.0;5000.0;1362.0;13.08776;0.0045354495;-1.65096364e-06;2.67197277e-10;-1.59576863e-14;-24661.64;-32.7914051;3.94199159;0.0243434884;-1.6559556e-05;4.58537411e-09;-3.31795708e-13;-21440.4829;16.6954362;None
259;CH3OCHO;1;ThermData;;;;;;;;;C;2;H;4;O;2;;;G;4/20/99 THERM;300.0;5000.0;1686.0;8.69123518;0.0115503122;-4.27782486e-06;7.02533059e-10;-4.24333552e-14;-46436.4769;-18.9301478;3.08839783;0.0203760048;-6.8477704e-06;-7.28186203e-10;5.62130216e-13;-44185.5167;12.5364719;None
260;OCHO;1;ThermData;;;;;;;;;C;1;H;1;O;2;;;G;2/14/95 THERM;300.0;5000.0;1690.0;6.12628782;0.00375602932;-1.42010352e-06;2.364292e-10;-1.44167651e-14;-21769.8466;-8.01574694;1.35213452;0.0150082004;-1.09896141e-05;3.7367984e-09;-4.81014498e-13;-20225.3647;17.4373147;None
261;NC3H7OO;1;ThermData;;;;;;;;;C;3;H;7;O;2;;;G;;300.0;5000.0;1388.0;12.7230991;0.0167336808;-5.75943184e-06;8.97769493e-10;-5.22275065e-14;-10881.6595;-38.1965321;1.56301709;0.0426192697;-2.96615075e-05;1.14187326e-08;-1.89894471e-12;-6880.86375;21.9842933;None
262;NC3-OOQO;1;ThermData;;;;;;;;;C;3;H;7;O;4;;;G;OH;300.0;5000.0;1388.0;18.5146106;0.0164157074;-5.73085844e-06;9.01975314e-10;-5.28299084e-14;-23181.9444;-61.8247164;2.54387733;0.0570847379;-4.72164204e-05;2.08289492e-08;-3.78162942e-12;-17860.041;22.9447574;None
263;CH2OCHO;1;ThermData;;;;;;;;;C;2;H;3;O;2;;;G;4/15/ 8 therm;300.0;5000.0;1442.0;10.0960096;0.00719887066;-2.59813465e-06;4.18110812e-10;-2.48723387e-14;-23638.9018;-27.1144175;2.31031671;0.0180474065;-2.71519637e-06;-4.60918579e-09;1.70037078e-12;-20291.0878;17.1549722;None
